<?xml version="1.0" encoding="UTF-8"?>
<project-private xmlns="http://www.netbeans.org/ns/project-private/1">
    <editor-bookmarks xmlns="http://www.netbeans.org/ns/editor-bookmarks/2" lastBookmarkId="0"/>
    <open-files xmlns="http://www.netbeans.org/ns/projectui-open-files/2">
        <group>
            <file>file:/C:/Nastava/Paterni/ZadaciZaIspit%20-%20Jul2019/Zadatak2/Kafic/src/kafic/model/TurskaKafa.java</file>
            <file>file:/C:/Nastava/Paterni/ZadaciZaIspit%20-%20Jul2019/Zadatak2/Kafic/src/kafic/model/CrniSaMlekom.java</file>
            <file>file:/C:/Nastava/Paterni/ZadaciZaIspit%20-%20Jul2019/Zadatak2/Kafic/src/kafic/model/Caj.java</file>
            <file>file:/C:/Nastava/Paterni/ZadaciZaIspit%20-%20Jul2019/Zadatak2/Kafic/src/kafic/model/Espresso.java</file>
            <file>file:/C:/Nastava/Paterni/ZadaciZaIspit%20-%20Jul2019/Zadatak2/Kafic/src/kafic/model/Kafa.java</file>
            <file>file:/C:/Nastava/Paterni/ZadaciZaIspit%20-%20Jul2019/Zadatak2/Kafic/src/kafic/Main.java</file>
            <file>file:/C:/Nastava/Paterni/ZadaciZaIspit%20-%20Jul2019/Zadatak2/Kafic/src/kafic/model/Nana.java</file>
        </group>
    </open-files>
</project-private>
